{"cameraMode":{"drawMode":0,"name":"Shaded","section":"Shading Mode"},"sceneLighting":false,"audioPlay":false,"sceneViewState":{"m_AlwaysRefresh":false,"showFog":true,"showSkybox":false,"showFlares":true,"showImageEffects":true,"showParticleSystems":true,"showVisualEffectGraphs":true,"m_FxEnabled":true},"in2DMode":false,"pivot":{"x":1.3252036571502686,"y":1.410505771636963,"z":0.42623376846313479},"rotation":{"x":-0.04825081676244736,"y":0.9244967103004456,"z":-0.35687538981437685,"w":-0.12499401718378067},"size":4.350295066833496,"orthographic":false}