{"cameraMode":{"drawMode":0,"name":"Shaded","section":"Shading Mode"},"sceneLighting":true,"audioPlay":false,"sceneViewState":{"m_AlwaysRefresh":false,"showFog":true,"showSkybox":true,"showFlares":true,"showImageEffects":true,"showParticleSystems":true,"showVisualEffectGraphs":true,"m_FxEnabled":true},"in2DMode":false,"pivot":{"x":-7.393989562988281,"y":2.362460136413574,"z":-1.6646308898925782},"rotation":{"x":0.12393563240766525,"y":-0.20095957815647126,"z":0.025636930018663408,"w":0.9713951945304871},"size":16.165807723999025,"orthographic":false}